<?xml version="1.0" standalone="no"?>
<manifest identifier="_6VPZYhx9VwL_course_id" version="1.3" xmlns="http://www.imsglobal.org/xsd/imscp_v1p1" xmlns:adlcp="http://www.adlnet.org/xsd/adlcp_v1p3" xmlns:adlseq="http://www.adlnet.org/xsd/adlseq_v1p3" xmlns:adlnav="http://www.adlnet.org/xsd/adlnav_v1p3" xmlns:imsss="http://www.imsglobal.org/xsd/imsss" xmlns:xsi="http://www.w3.org/2001/XMLSchema-instance" xmlns:lom="http://ltsc.ieee.org/xsd/LOM" xsi:schemaLocation="http://www.imsglobal.org/xsd/imscp_v1p1 imscp_v1p1.xsd
                              http://www.adlnet.org/xsd/adlcp_v1p3 adlcp_v1p3.xsd
                              http://www.adlnet.org/xsd/adlseq_v1p3 adlseq_v1p3.xsd
                              http://www.adlnet.org/xsd/adlnav_v1p3 adlnav_v1p3.xsd
							  http://www.imsglobal.org/xsd/imsss imsss_v1p0.xsd
							  http://ltsc.ieee.org/xsd/LOM lom.xsd">
  <metadata>
    <schema>ADL SCORM</schema>
    <schemaversion>2004 4th Edition</schemaversion>
    <adlcp:location>metadata.xml</adlcp:location>
  </metadata>
  <organizations default="Fiber_Optic_Cables_ORG">
    <organization identifier="Fiber_Optic_Cables_ORG" adlseq:objectivesGlobalToSystem="false">
      <title>Fiber Optic Cables</title>
      <item identifier="Network_Objects_SCO" identifierref="__6VPZYhx9VwL_course_id_RES" isvisible="true">
        <title>Fiber Optic Cables</title>
      </item>
      <metadata>
        <adlcp:location>metadata.xml</adlcp:location>
      </metadata>
      <imsss:sequencing>
        <imsss:controlMode choice="true" flow="true" />
      </imsss:sequencing>
    </organization>
  </organizations>
  <resources>
    <resource identifier="__6VPZYhx9VwL_course_id_RES" type="webcontent" adlcp:scormType="sco" href="index_lms.html">
      <file href="story_content/thumbnail.jpg" />
      <file href="story_content/Slide6ITxT1YbyRb.swf" />
      <file href="story_content/5qSQkyEKz2b_DX1054_DY1054.jpg" />
      <file href="mobile/5qSQkyEKz2b_DX1054_DY1054_CX527_CY428.jpg" />
      <file href="story_content/6rdpFnn87SM_22050_48.mp3" />
      <file href="story_content/6V5OeKW8wp7_C30_DX1660_DY1660.swf" />
      <file href="mobile/6V5OeKW8wp7_C30_DX1660_DY1660_CX830_CY432.png" />
      <file href="story_content/txt__default_5xn6WUxMXJT.swf" />
      <file href="story_content/txt__default_5aftRNNDHiT.swf" />
      <file href="story_content/5c5XrtoYSxk_DX1080_DY1080.jpg" />
      <file href="mobile/5c5XrtoYSxk_DX1080_DY1080_CX540_CY414.jpg" />
      <file href="story_content/txt__default_6VTxRtuMVE8.swf" />
      <file href="story_content/5iuhgW0tTvg_22050_48.mp3" />
      <file href="story_content/6bczpNCSjHY_DX102_DY102.swf" />
      <file href="mobile/6bczpNCSjHY_DX102_DY102_CX51_CY18.png" />
      <file href="story_content/67IYHPVzpVb_22050_48.mp3" />
      <file href="story_content/6D6v8NI7VLa_DX1008_DY1008.swf" />
      <file href="mobile/6D6v8NI7VLa_DX1008_DY1008_CX504_CY360.png" />
      <file href="story_content/6oVR0VmH8Zd_DX1600_DY1600.swf" />
      <file href="mobile/6oVR0VmH8Zd_DX1600_DY1600_CX800_CY228.png" />
      <file href="story_content/6oVR0VmH8Zd_X_DX1600_DY1600.swf" />
      <file href="mobile/6oVR0VmH8Zd_X_DX1600_DY1600_CX800_CY228.png" />
      <file href="story_content/6gcsA79iSF6_DX1004_DY1004.swf" />
      <file href="mobile/6gcsA79iSF6_DX1004_DY1004_CX251_CY502.png" />
      <file href="story_content/5tNrEADOka6_DX840_DY840.swf" />
      <file href="mobile/5tNrEADOka6_DX840_DY840_CX210_CY420.png" />
      <file href="story_content/5o841Z7VmQ6_DX636_DY636.swf" />
      <file href="mobile/5o841Z7VmQ6_DX636_DY636_CX304_CY318.png" />
      <file href="story_content/6g6muL6pchd_DX1008_DY1008.swf" />
      <file href="mobile/6g6muL6pchd_DX1008_DY1008_CX504_CY360.png" />
      <file href="story_content/txt__default_6Xa6q9uxPAF.swf" />
      <file href="story_content/txt__default_6a67HeReNVq.swf" />
      <file href="story_content/txt__default_5liEam8kqcA.swf" />
      <file href="story_content/txt__default_5W5rEhheFWa.swf" />
      <file href="story_content/5dVGCk3eG20_DX580_DY580.swf" />
      <file href="mobile/5dVGCk3eG20_DX580_DY580_CX154_CY236.png" />
      <file href="mobile/5dVGCk3eG20_DX580_DY580_CX189_CY290.png" />
      <file href="mobile/5dVGCk3eG20_DX580_DY580_CX119_CY182.png" />
      <file href="story_content/5sNQCVGsOlB_DX838_DY838.swf" />
      <file href="mobile/5sNQCVGsOlB_DX838_DY838_CX419_CY76.png" />
      <file href="story_content/5a3h9iuq3W9_P_185_364_113_140_DX1008_DY1008.swf" />
      <file href="mobile/5a3h9iuq3W9_P_185_364_113_140_DX1008_DY1008_CX113_CY140.png" />
      <file href="story_content/6Qpzrih8pHG_P_177_0_121_504_DX1008_DY1008.swf" />
      <file href="mobile/6Qpzrih8pHG_P_177_0_121_504_DX1008_DY1008_CX121_CY504.png" />
      <file href="story_content/5gifuyahna3_DX1078_DY1078.swf" />
      <file href="mobile/5gifuyahna3_DX1078_DY1078_CX478_CY539.png" />
      <file href="story_content/5vYTrX7LJIF_DX1080_DY1080.swf" />
      <file href="mobile/5vYTrX7LJIF_DX1080_DY1080_CX479_CY540.png" />
      <file href="story_content/6HkqRG5AxoZ_DX1080_DY1080.swf" />
      <file href="mobile/6HkqRG5AxoZ_DX1080_DY1080_CX479_CY540.png" />
      <file href="story_content/5WwQDcWClqM_DX1080_DY1080.swf" />
      <file href="mobile/5WwQDcWClqM_DX1080_DY1080_CX479_CY540.png" />
      <file href="story_content/5z8Op8Mgi7y_22050_48.mp3" />
      <file href="story_content/txt__default_6JFju8cbHYn.swf" />
      <file href="story_content/5a89I1owoAC_DX1280_DY1280.jpg" />
      <file href="mobile/5a89I1owoAC_DX1280_DY1280_CX499_CY374.jpg" />
      <file href="story_content/6Lvwv28SCcO_DX1458_DY1458.swf" />
      <file href="mobile/6Lvwv28SCcO_DX1458_DY1458_CX729_CY313.png" />
      <file href="story_content/5jA46VQM9B9_DX556_DY556.swf" />
      <file href="mobile/5jA46VQM9B9_DX556_DY556_CX278_CY162.png" />
      <file href="story_content/txt__default_5ltPFvzXf1B.swf" />
      <file href="story_content/txt__default_6MQAbzAXcNu.swf" />
      <file href="story_content/txt__default_65ZIaNI1vAA.swf" />
      <file href="story_content/txt__default_60SFWLRJ1D4.swf" />
      <file href="story_content/5gkFO1KYrul_22050_48.mp3" />
      <file href="story_content/txt__default_6KvbCzeC6TZ.swf" />
      <file href="story_content/txt__default_6NTICFNAQ5M.swf" />
      <file href="story_content/5j4axa8IyO9_DX194_DY194.swf" />
      <file href="mobile/5j4axa8IyO9_DX194_DY194_CX97_CY50.png" />
      <file href="story_content/60L2tFioOrb_DX148_DY148.swf" />
      <file href="mobile/60L2tFioOrb_DX148_DY148_CX74_CY37.png" />
      <file href="story_content/5alDFYvLHF7_22050_48.mp3" />
      <file href="story_content/6iAVgqfl8u9_DX1302_DY1302.swf" />
      <file href="mobile/6iAVgqfl8u9_DX1302_DY1302_CX651_CY332.png" />
      <file href="story_content/txt__default_6T1gfgscxyf.swf" />
      <file href="story_content/txt__default_6JBsFZEETf5.swf" />
      <file href="story_content/6pLYS4dju57_DX1086_DY1086.jpg" />
      <file href="mobile/6pLYS4dju57_DX1086_DY1086_CX543_CY362.jpg" />
      <file href="story_content/60oL91krxls_DX1440_DY1440.jpg" />
      <file href="mobile/60oL91krxls_DX1440_DY1440_CX720_CY404.jpg" />
      <file href="story_content/5vc89LlqJZI_22050_48.mp3" />
      <file href="story_content/5oYj9Dgcsai_DX892_DY892.swf" />
      <file href="mobile/5oYj9Dgcsai_DX892_DY892_CX446_CY446.png" />
      <file href="story_content/6OoQzhLo8jF_DX896_DY896.swf" />
      <file href="mobile/6OoQzhLo8jF_DX896_DY896_CX448_CY108.png" />
      <file href="mobile/5a89I1owoAC_DX1280_DY1280_CX640_CY480.jpg" />
      <file href="story_content/5YPPfo8NQ3a_DX882_DY882.swf" />
      <file href="mobile/5YPPfo8NQ3a_DX882_DY882_CX441_CY234.png" />
      <file href="mobile/5dVGCk3eG20_DX580_DY580_CX120_CY184.png" />
      <file href="mobile/5dVGCk3eG20_DX580_DY580_CX120_CY148.png" />
      <file href="story_content/6osFu0IKoZ7_DX1000_DY1000.swf" />
      <file href="mobile/6osFu0IKoZ7_DX1000_DY1000_CX500_CY418.png" />
      <file href="story_content/5WbizLwdGCR_DX1000_DY1000.swf" />
      <file href="mobile/5WbizLwdGCR_DX1000_DY1000_CX500_CY418.png" />
      <file href="story_content/6MXpKzvEPae_DX1286_DY1286.swf" />
      <file href="mobile/6MXpKzvEPae_DX1286_DY1286_CX643_CY295.png" />
      <file href="story_content/6dLEF3zOblJ_DX672_DY672.swf" />
      <file href="mobile/6dLEF3zOblJ_DX672_DY672_CX336_CY336.png" />
      <file href="story_content/video_5z0Pek5ojcV_18_48_420x420.mp4" />
      <file href="mobile/video_5z0Pek5ojcV_18_48_420x420.jpg" />
      <file href="story_content/txt__default_5vfECbpUNkQ.swf" />
      <file href="story_content/txt__default_6bzJUX9fG5L.swf" />
      <file href="story_content/txt__default_5fzgzkmDKON.swf" />
      <file href="story_content/67hX412HL09_22050_48.mp3" />
      <file href="story_content/6ePLmIA54X3_DX1440_DY1440.jpg" />
      <file href="mobile/6ePLmIA54X3_DX1440_DY1440_CX720_CY480.jpg" />
      <file href="story_content/6S2WZp7VCiZ_DX1080_DY1080.jpg" />
      <file href="mobile/6S2WZp7VCiZ_DX1080_DY1080_CX405_CY540.jpg" />
      <file href="story_content/5qCHmeAMmP6_P_0_0_1404_1594_DX1388_DY1388.swf" />
      <file href="mobile/5qCHmeAMmP6_P_0_0_1404_1594_DX1388_DY1388_CX476_CY540.png" />
      <file href="story_content/6E0XPFnD4wH_Q21F497D_DX1742_DY1742.jpg" />
      <file href="mobile/6E0XPFnD4wH_Q21F497D_DX1742_DY1742_CX871_CY576.jpg" />
      <file href="story_content/5pi9l7DV59r_22050_48.mp3" />
      <file href="story_content/6XgO7RIbQPe_DX968_DY968.jpg" />
      <file href="mobile/6XgO7RIbQPe_DX968_DY968_CX484_CY320.jpg" />
      <file href="story_content/6IlwI4tYqp5_DX918_DY918.jpg" />
      <file href="mobile/6IlwI4tYqp5_DX918_DY918_CX459_CY306.jpg" />
      <file href="story_content/63JiQ9mLH9p_DX848_DY848.jpg" />
      <file href="mobile/63JiQ9mLH9p_DX848_DY848_CX424_CY318.jpg" />
      <file href="story_content/6BTEAcP7oSO_22050_48.mp3" />
      <file href="meta.xml" />
      <file href="story_content/notes/Note6C5ciXVQYy2.6GbteesXCB0.swf" />
      <file href="story_content/notes/Note6C5ciXVQYy2.5W9s6n7Yf2T.swf" />
      <file href="story_content/notes/Note6C5ciXVQYy2.6N4PxgVNJa9.swf" />
      <file href="story_content/notes/Note6C5ciXVQYy2.69oa0nHYNiJ.swf" />
      <file href="story_content/notes/Note6C5ciXVQYy2.62h9ZWJjgJG.swf" />
      <file href="story_content/notes/Note6C5ciXVQYy2.5bb4VmhDSCI.swf" />
      <file href="story_content/notes/Note6C5ciXVQYy2.6XIEsiY8FCK.swf" />
      <file href="story_content/notes/Note6C5ciXVQYy2.6fWLKDY3sAJ.swf" />
      <file href="story_content/notes/Note6C5ciXVQYy2.6CCPBsV02KD.swf" />
      <file href="story_content/notes/Note6C5ciXVQYy2.5gP4FZ8wS6M.swf" />
      <file href="story_content/notes/Note6C5ciXVQYy2.6qn93ZaQFEq.swf" />
      <file href="story_content/notes/Note6C5ciXVQYy2.62okHPXOKQQ.swf" />
      <file href="story_content/frame.xml" />
      <file href="story_content/frame.js" />
      <file href="story_content/user.js" />
      <file href="story_unsupported.html" />
      <file href="mobile/Slide6ITxT1YbyRb.jpg" />
      <file href="mobile/txt__default_5xn6WUxMXJT.png" />
      <file href="mobile/txt__default_5aftRNNDHiT.png" />
      <file href="mobile/txt__default_6VTxRtuMVE8.png" />
      <file href="mobile/txt__default_6Xa6q9uxPAF.png" />
      <file href="mobile/txt__default_6a67HeReNVq.png" />
      <file href="mobile/txt__default_5liEam8kqcA.png" />
      <file href="mobile/txt__default_5W5rEhheFWa.png" />
      <file href="mobile/txt__default_6JFju8cbHYn.png" />
      <file href="mobile/txt__default_5ltPFvzXf1B.png" />
      <file href="mobile/txt__default_6MQAbzAXcNu.png" />
      <file href="mobile/txt__default_65ZIaNI1vAA.png" />
      <file href="mobile/txt__default_60SFWLRJ1D4.png" />
      <file href="mobile/txt__default_6KvbCzeC6TZ.png" />
      <file href="mobile/txt__default_6NTICFNAQ5M.png" />
      <file href="mobile/txt__default_6T1gfgscxyf.png" />
      <file href="mobile/txt__default_6JBsFZEETf5.png" />
      <file href="mobile/txt__default_5vfECbpUNkQ.png" />
      <file href="mobile/txt__default_6bzJUX9fG5L.png" />
      <file href="mobile/txt__default_5fzgzkmDKON.png" />
      <file href="mobile/player.css" />
      <file href="mobile/player_compiled.js" />
      <file href="story_content/FontFactory.swf" />
      <file href="story_content/fonts.swf" />
      <file href="mobile/fonts.js" />
      <file href="story.swf" />
      <file href="story_content/frame.swf" />
      <file href="story_content/slides/6GbteesXCB0.swf" />
      <file href="story_content/slides/69oa0nHYNiJ.swf" />
      <file href="story_content/slides/6fWLKDY3sAJ.swf" />
      <file href="story_content/slides/5bb4VmhDSCI.swf" />
      <file href="story_content/slides/62h9ZWJjgJG.swf" />
      <file href="story_content/slides/6XIEsiY8FCK.swf" />
      <file href="story_content/slides/6N4PxgVNJa9.swf" />
      <file href="story_content/slides/6CCPBsV02KD.swf" />
      <file href="story_content/slides/5W9s6n7Yf2T.swf" />
      <file href="story_content/slides/5gP4FZ8wS6M.swf" />
      <file href="mobile/slides/6GbteesXCB0.js" />
      <file href="mobile/slides/6fWLKDY3sAJ.js" />
      <file href="mobile/slides/69oa0nHYNiJ.js" />
      <file href="story_content/slides/62okHPXOKQQ.swf" />
      <file href="story_content/slides/6qn93ZaQFEq.swf" />
      <file href="mobile/slides/5bb4VmhDSCI.js" />
      <file href="mobile/slides/6XIEsiY8FCK.js" />
      <file href="mobile/slides/62okHPXOKQQ.js" />
      <file href="mobile/slides/62h9ZWJjgJG.js" />
      <file href="mobile/slides/6CCPBsV02KD.js" />
      <file href="mobile/slides/5gP4FZ8wS6M.js" />
      <file href="mobile/slides/6N4PxgVNJa9.js" />
      <file href="mobile/slides/6qn93ZaQFEq.js" />
      <file href="mobile/slides/5W9s6n7Yf2T.js" />
      <file href="story_content/data.swf" />
      <file href="mobile/data.js" />
      <file href="mobile/masks.js" />
      <file href="story.html" />
      <file href="story_html5.html" />
      <file href="index_lms_html5.html" />
      <file href="story_content/blank.html" />
      <file href="story_content/story.js" />
      <file href="index_lms.html" />
      <file href="lms/AICCComm.html" />
      <file href="lms/AICCFunctions.js" />
      <file href="lms/API.js" />
      <file href="lms/APIConstants.js" />
      <file href="lms/blank.html" />
      <file href="lms/browsersniff.js" />
      <file href="lms/Configuration.js" />
      <file href="lms/goodbye.html" />
      <file href="lms/lms.js" />
      <file href="lms/LMSAPI.js" />
      <file href="lms/NONEFunctions.js" />
      <file href="lms/SCORM2004Functions.js" />
      <file href="lms/SCORMFunctions.js" />
      <file href="lms/UtilityFunctions.js" />
    </resource>
  </resources>
</manifest>