<?xml version="1.0" encoding="utf-8"?><bwFrame xmlns:xsi="http://www.w3.org/2001/XMLSchema-instance" xmlns:xsd="http://www.w3.org/2001/XMLSchema" default_layout="npxnsnfns1110001101" textdirection="ltr" device="false" fontscale="100" kbshortcuts="false" skip_nav_enabled="true" outputtype="undefined"><layouts><layout name="npnxsnfns1110001101" font="Tw Cen MT" controllayout="npnxsnfns1110001101" colorscheme="npxnsnfns1110001101" string_table="npxnsnfns1110001101" /><layout name="pxnsnfns1110001101" font="Tw Cen MT" controllayout="pxnsnfns1110001101" colorscheme="npxnsnfns1110001101" string_table="npxnsnfns1110001101" /><layout name="npxnsnfns1110001101" font="Tw Cen MT" controllayout="npxnsnfns1110001101" colorscheme="npxnsnfns1110001101" string_table="npxnsnfns1110001101" /><layout name="npnxnsnfns1110001101" font="Tw Cen MT" controllayout="npnxnsnfns1110001101" colorscheme="npxnsnfns1110001101" string_table="npxnsnfns1110001101" /><layout name="pxnsnfns1110001100" font="Tw Cen MT" controllayout="pxnsnfns1110001100" colorscheme="npxnsnfns1110001101" string_table="npxnsnfns1110001101" /><layout name="pnxnsnfns1110001101" font="Tw Cen MT" controllayout="pnxnsnfns1110001101" colorscheme="npxnsnfns1110001101" string_table="npxnsnfns1110001101" /></layouts><control_options><optiongroups><optiongroup name="sidebaroptions"><options><option name="title_enabled" value="true"><options><option name="title_text" value="Fiber Optic Cables" /></options></option><option name="logo_enabled" value="false"><options><option name="logo_url" /></options></option><option name="sidebar_enabled" value="false"><options><option name="sidebarpos" value="left" /></options></option><optionlist name="tabs"><listitems><listitem name="resources" value="false" group="linkright" /><listitem name="transcript" value="true" group="linkright" /><listitem name="outline" value="false" group="sidebar" /><listitem name="glossary" value="false" group="sidebar" /></listitems></optionlist><option name="time_enabled" value="false"><options><option name="time_format" value="" /></options></option><option name="video_enabled" value="false"><options><option name="height" value="135" /></options></option></options></optiongroup><optiongroup name="menuoptions"><options><option name="flow" value="free" /><option name="wraplistitems" value="false" /><option name="tooltips" value="true" /><option name="autocollapse" value="true" /><option name="autonumber" value="false" /><option name="enableresultsicons" value="true" /></options></optiongroup><optiongroup name="controls"><options><option name="volume" value="true" /><option name="seekbar" value="true"><options><option name="readonly" value="false" /></options></option><option name="search" value="false" /><option name="pauseplay" value="true" /><option name="replay" value="true" /></options></optiongroup><optiongroup name="bottombaroptions"><options><option name="bottombar_enabled" value="true" /></options></optiongroup></optiongroups></control_options><control_layouts><control_layout name="npnxsnfns1110001101"><control name="volume" enabled="true" /><control name="seekbar" enabled="true" /><control name="replay" enabled="true" /><control name="pauseplay" enabled="true" /><control name="logo" enabled="true" /><control name="previous" enabled="false" /><control name="next" enabled="false" /><control name="submit" enabled="true" /><control name="finish" enabled="false" /><control name="submitall" enabled="false" /><control name="resources" enabled="false" /><control name="glossary" enabled="false" /><control name="transcript" enabled="true" /><control name="outline" enabled="false"><controls><control name="search" enabled="false" /></controls></control><control name="close_btn" enabled="true" /></control_layout><control_layout name="pxnsnfns1110001101"><control name="volume" enabled="true" /><control name="seekbar" enabled="true" /><control name="replay" enabled="true" /><control name="pauseplay" enabled="true" /><control name="logo" enabled="true" /><control name="previous" enabled="true" /><control name="next" enabled="true" /><control name="submit" enabled="false" /><control name="finish" enabled="false" /><control name="submitall" enabled="false" /><control name="resources" enabled="false" /><control name="glossary" enabled="false" /><control name="transcript" enabled="true" /><control name="outline" enabled="false"><controls><control name="search" enabled="false" /></controls></control><control name="close_btn" enabled="true" /></control_layout><control_layout name="npxnsnfns1110001101"><control name="volume" enabled="true" /><control name="seekbar" enabled="true" /><control name="replay" enabled="true" /><control name="pauseplay" enabled="true" /><control name="logo" enabled="true" /><control name="previous" enabled="false" /><control name="next" enabled="true" /><control name="submit" enabled="false" /><control name="finish" enabled="false" /><control name="submitall" enabled="false" /><control name="resources" enabled="false" /><control name="glossary" enabled="false" /><control name="transcript" enabled="true" /><control name="outline" enabled="false"><controls><control name="search" enabled="false" /></controls></control><control name="close_btn" enabled="true" /></control_layout><control_layout name="npnxnsnfns1110001101"><control name="volume" enabled="true" /><control name="seekbar" enabled="true" /><control name="replay" enabled="true" /><control name="pauseplay" enabled="true" /><control name="logo" enabled="true" /><control name="previous" enabled="false" /><control name="next" enabled="false" /><control name="submit" enabled="false" /><control name="finish" enabled="false" /><control name="submitall" enabled="false" /><control name="resources" enabled="false" /><control name="glossary" enabled="false" /><control name="transcript" enabled="true" /><control name="outline" enabled="false"><controls><control name="search" enabled="false" /></controls></control><control name="close_btn" enabled="true" /></control_layout><control_layout name="pxnsnfns1110001100"><control name="volume" enabled="true" /><control name="seekbar" enabled="true" /><control name="replay" enabled="true" /><control name="pauseplay" enabled="true" /><control name="logo" enabled="true" /><control name="previous" enabled="true" /><control name="next" enabled="true" /><control name="submit" enabled="false" /><control name="finish" enabled="false" /><control name="submitall" enabled="false" /><control name="resources" enabled="false" /><control name="glossary" enabled="false" /><control name="transcript" enabled="true" /><control name="outline" enabled="false"><controls><control name="search" enabled="false" /></controls></control><control name="close_btn" enabled="false" /></control_layout><control_layout name="pnxnsnfns1110001101"><control name="volume" enabled="true" /><control name="seekbar" enabled="true" /><control name="replay" enabled="true" /><control name="pauseplay" enabled="true" /><control name="logo" enabled="true" /><control name="previous" enabled="true" /><control name="next" enabled="false" /><control name="submit" enabled="false" /><control name="finish" enabled="false" /><control name="submitall" enabled="false" /><control name="resources" enabled="false" /><control name="glossary" enabled="false" /><control name="transcript" enabled="true" /><control name="outline" enabled="false"><controls><control name="search" enabled="false" /></controls></control><control name="close_btn" enabled="true" /></control_layout></control_layouts><colorschemes><colorscheme name="npxnsnfns1110001101"><color_group name="infopanel"><group_colors><color name="link_text"><fill type="linear" rotation="90"><colors><color rgb="0x7C2280" alpha="100" stop="0" /></colors></fill></color><color name="link_hover"><fill type="linear" rotation="90"><colors><color rgb="0x0000EE" alpha="100" stop="0" /></colors></fill></color><color name="shadow"><fill type="linear" rotation="90"><colors><color rgb="0x000000" alpha="100" stop="0" /></colors></fill></color><color name="bg"><fill type="linear" rotation="90"><colors><color rgb="0xFFFFFF" alpha="100" stop="0" /></colors></fill></color><color name="name_text"><fill type="linear" rotation="90"><colors><color rgb="0x444444" alpha="100" stop="0" /></colors></fill></color><color name="title_text"><fill type="linear" rotation="90"><colors><color rgb="0x999999" alpha="100" stop="0" /></colors></fill></color></group_colors></color_group><color_group name="infopanelpopup"><group_colors><color name="link_text"><fill type="linear" rotation="90"><colors><color rgb="0xFFFFFF" alpha="100" stop="0" /></colors></fill></color><color name="link_hover"><fill type="linear" rotation="90"><colors><color rgb="0x757575" alpha="100" stop="0" /></colors></fill></color><color name="bg"><fill type="linear" rotation="90"><colors><color rgb="0x1D1D1D" alpha="100" stop="0" /><color rgb="0x0B0B0B" alpha="100" stop="255" /></colors></fill></color><color name="shadow"><fill type="linear" rotation="90"><colors><color rgb="0x000000" alpha="100" stop="0" /></colors></fill></color><color name="name_text"><fill type="linear" rotation="90"><colors><color rgb="0x727272" alpha="100" stop="0" /></colors></fill></color><color name="bio_text"><fill type="linear" rotation="90"><colors><color rgb="0xFFFFFF" alpha="100" stop="0" /></colors></fill></color></group_colors></color_group><color_group name="timer"><group_colors><color name="duration"><fill type="linear" rotation="90"><colors><color rgb="0x00D7FF" alpha="100" stop="0" /><color rgb="0x00ABFF" alpha="100" stop="255" /></colors></fill></color><color name="elapsed"><fill type="linear" rotation="90"><colors><color rgb="0xFEE347" alpha="100" stop="0" /><color rgb="0xFCCC2A" alpha="100" stop="255" /></colors></fill></color><color name="stroke"><fill type="linear" rotation="90"><colors><color rgb="0xFFFFFF" alpha="100" stop="0" /></colors></fill></color><color name="inner"><fill type="linear" rotation="90"><colors><color rgb="0xCCCCCC" alpha="100" stop="0" /></colors></fill></color><color name="text"><fill type="linear" rotation="90"><colors><color rgb="0xFFFFFF" alpha="100" stop="0" /></colors></fill></color></group_colors></color_group><color_group name="window"><group_colors><color name="text"><fill type="linear" rotation="90"><colors><color rgb="0xFFFFFF" alpha="100" stop="0" /></colors></fill></color><color name="inner"><fill type="linear" rotation="90"><colors><color rgb="0x1D1D1D" alpha="100" stop="0" /><color rgb="0x0B0B0B" alpha="100" stop="255" /></colors></fill></color><color name="bg"><fill type="linear" rotation="90"><colors><color rgb="0x2A2A2A" alpha="100" stop="0" /></colors></fill></color><color name="diva"><fill type="linear" rotation="90"><colors><color rgb="0x313131" alpha="100" stop="0" /></colors></fill></color><color name="divb"><fill type="linear" rotation="90"><colors><color rgb="0x0E0E0E" alpha="100" stop="0" /></colors></fill></color><color name="shadow"><fill type="linear" rotation="90"><colors><color rgb="0x000000" alpha="20" stop="0" /></colors></fill></color></group_colors></color_group><color_group name="editor"><group_colors><color name="slide_text"><fill type="linear" rotation="90"><colors><color rgb="0xFFFFFF" alpha="100" stop="0" /></colors></fill></color><color name="html_text"><fill type="linear" rotation="90"><colors><color rgb="0xFFFFFF" alpha="100" stop="0" /></colors></fill></color><color name="btn_text_shadow"><fill type="linear" rotation="90"><colors><color rgb="0x000000" alpha="100" stop="0" /></colors></fill></color><color name="btn_text"><fill type="linear" rotation="90"><colors><color rgb="0xFFFFFF" alpha="100" stop="0" /></colors></fill></color><color name="btn_border"><fill type="linear" rotation="90"><colors><color rgb="0x030303" alpha="100" stop="0" /></colors></fill></color><color name="btn_hover"><fill type="linear" rotation="90"><colors><color rgb="0x3A3A3A" alpha="100" stop="0" /><color rgb="0x0C0C0C" alpha="100" stop="255" /></colors></fill></color><color name="btn_down"><fill type="linear" rotation="90"><colors><color rgb="0x141414" alpha="100" stop="0" /><color rgb="0x323232" alpha="100" stop="255" /></colors></fill></color><color name="btn_bg"><fill type="linear" rotation="90"><colors><color rgb="0x333333" alpha="100" stop="0" /><color rgb="0x141414" alpha="100" stop="255" /></colors></fill></color></group_colors></color_group><color_group name="listitem"><group_colors><color name="selected_text"><fill type="linear" rotation="90"><colors><color rgb="0xFFFFFF" alpha="100" stop="0" /></colors></fill></color><color name="shadow"><fill type="linear" rotation="90"><colors><color rgb="0x000000" alpha="100" stop="0" /></colors></fill></color><color name="selected"><fill type="linear" rotation="90"><colors><color rgb="0x3F3F3F" alpha="100" stop="0" /></colors></fill></color><color name="text"><fill type="linear" rotation="90"><colors><color rgb="0xFFFFFF" alpha="100" stop="0" /></colors></fill></color><color name="viewed"><fill type="linear" rotation="90"><colors><color rgb="0x878787" alpha="100" stop="0" /></colors></fill></color><color name="hover"><fill type="linear" rotation="90"><colors><color rgb="0x313131" alpha="100" stop="0" /></colors></fill></color><color name="lines"><fill type="linear" rotation="90"><colors><color rgb="0x343434" alpha="100" stop="0" /></colors></fill></color></group_colors></color_group><color_group name="glossary"><group_colors><color name="selected_text"><fill type="linear" rotation="90"><colors><color rgb="0xFFFFFF" alpha="100" stop="0" /></colors></fill></color><color name="selected"><fill type="linear" rotation="90"><colors><color rgb="0x3F3F3F" alpha="100" stop="0" /></colors></fill></color><color name="text"><fill type="linear" rotation="90"><colors><color rgb="0xFFFFFF" alpha="100" stop="0" /></colors></fill></color><color name="hover"><fill type="linear" rotation="90"><colors><color rgb="0x1C1C1C" alpha="100" stop="0" /></colors></fill></color><color name="heading_text"><fill type="linear" rotation="90"><colors><color rgb="0xFFFFFF" alpha="100" stop="0" /></colors></fill></color><color name="diva"><fill type="linear" rotation="90"><colors><color rgb="0x3D3D3D" alpha="100" stop="0" /></colors></fill></color><color name="divb"><fill type="linear" rotation="90"><colors><color rgb="0x202020" alpha="100" stop="0" /></colors></fill></color><color name="divc"><fill type="linear" rotation="90"><colors><color rgb="0x3D3D3D" alpha="100" stop="0" /></colors></fill></color><color name="bg"><fill type="linear" rotation="90"><colors><color rgb="0x333333" alpha="100" stop="0" /></colors></fill></color></group_colors></color_group><color_group name="resource"><group_colors><color name="separator"><fill type="linear" rotation="90"><colors><color rgb="0x2C2C2C" alpha="100" stop="0" /></colors></fill></color></group_colors></color_group><color_group name="outline"><group_colors><color name="search_hover"><fill type="linear" rotation="90"><colors><color rgb="0x757575" alpha="100" stop="0" /></colors></fill></color><color name="search_text"><fill type="linear" rotation="90"><colors><color rgb="0xFFFFFF" alpha="100" stop="0" /></colors></fill></color><color name="divc"><fill type="linear" rotation="90"><colors><color rgb="0x343434" alpha="100" stop="0" /></colors></fill></color><color name="divb"><fill type="linear" rotation="90"><colors><color rgb="0x363636" alpha="100" stop="0" /></colors></fill></color><color name="diva"><fill type="linear" rotation="90"><colors><color rgb="0x1C1C1C" alpha="100" stop="0" /></colors></fill></color></group_colors></color_group><color_group name="transcript"><group_colors><color name="heading_text"><fill type="linear" rotation="90"><colors><color rgb="0xFFFFFF" alpha="100" stop="0" /></colors></fill></color><color name="div"><fill type="linear" rotation="90"><colors><color rgb="0x2C2C2C" alpha="100" stop="0" /></colors></fill></color></group_colors></color_group><color_group name="tabs"><group_colors><color name="shadow"><fill type="linear" rotation="90"><colors><color rgb="0x000000" alpha="100" stop="0" /></colors></fill></color><color name="hover"><fill type="linear" rotation="90"><colors><color rgb="0x525454" alpha="100" stop="0" /></colors></fill></color><color name="selected"><fill type="linear" rotation="90"><colors><color rgb="0xFFFFFF" alpha="100" stop="0" /></colors></fill></color><color name="text"><fill type="linear" rotation="90"><colors><color rgb="0x727272" alpha="100" stop="0" /></colors></fill></color><color name="bg"><fill type="linear" rotation="90"><colors><color rgb="0x242424" alpha="100" stop="0" /></colors></fill></color></group_colors></color_group><color_group name="seekcontrol"><group_colors><color name="btn_icon_hover"><fill type="linear" rotation="90"><colors><color rgb="0xFFFFFF" alpha="100" stop="0" /></colors></fill></color><color name="btn_icon_shadow"><fill type="linear" rotation="90"><colors><color rgb="0x000000" alpha="100" stop="0" /></colors></fill></color><color name="btn_icon_color"><fill type="linear" rotation="90"><colors><color rgb="0xFFFFFF" alpha="100" stop="0" /></colors></fill></color><color name="seek_position"><fill type="linear" rotation="90"><colors><color rgb="0xFFFFFF" alpha="100" stop="0" /></colors></fill></color><color name="seek_bg"><fill type="linear" rotation="90"><colors><color rgb="0x222222" alpha="100" stop="0" /></colors></fill></color><color name="seek_border"><fill type="linear" rotation="90"><colors><color rgb="0x1A1A1A" alpha="100" stop="0" /><color rgb="0x313131" alpha="100" stop="255" /></colors></fill></color><color name="border"><fill type="linear" rotation="90"><colors><color rgb="0x030303" alpha="100" stop="0" /></colors></fill></color><color name="bg"><fill type="linear" rotation="90"><colors><color rgb="0x376092" alpha="100" stop="0" /><color rgb="0x141414" alpha="100" stop="255" /></colors></fill></color></group_colors></color_group><color_group name="searchinput"><group_colors><color name="text_active"><fill type="linear" rotation="90"><colors><color rgb="0x2D2D2D" alpha="100" stop="0" /></colors></fill></color><color name="bg_active"><fill type="linear" rotation="90"><colors><color rgb="0xFFFFFF" alpha="100" stop="0" /></colors></fill></color><color name="search_text"><fill type="linear" rotation="90"><colors><color rgb="0x2D2D2D" alpha="100" stop="0" /></colors></fill></color><color name="hover_glow"><fill type="linear" rotation="90"><colors><color rgb="0xEB9471" alpha="0" stop="0" /></colors></fill></color><color name="button_hover"><fill type="linear" rotation="90"><colors><color rgb="0x3A3A3A" alpha="100" stop="0" /><color rgb="0x0C0C0C" alpha="100" stop="255" /></colors></fill></color><color name="icon"><fill type="linear" rotation="90"><colors><color rgb="0xFFFFFF" alpha="100" stop="0" /></colors></fill></color><color name="border"><fill type="linear" rotation="90"><colors><color rgb="0x202020" alpha="100" stop="0" /><color rgb="0x161616" alpha="100" stop="255" /></colors></fill></color><color name="bg"><fill type="linear" rotation="90"><colors><color rgb="0xFFFFFF" alpha="100" stop="0" /></colors></fill></color></group_colors></color_group><color_group name="scrollarea"><group_colors><color name="detailb"><fill type="linear" rotation="90"><colors><color rgb="0x1C1C1C" alpha="100" stop="0" /></colors></fill></color><color name="detaila"><fill type="linear" rotation="90"><colors><color rgb="0x595959" alpha="100" stop="0" /></colors></fill></color><color name="shadow"><fill type="linear" rotation="90"><colors><color rgb="0x1C1C1C" alpha="100" stop="0" /></colors></fill></color><color name="icons"><fill type="linear" rotation="90"><colors><color rgb="0xFFFFFF" alpha="100" stop="0" /></colors></fill></color><color name="button_border"><fill type="linear" rotation="90"><colors><color rgb="0x1C1C1C" alpha="100" stop="0" /></colors></fill></color><color name="button_inner"><fill type="linear" rotation="90"><colors><color rgb="0x5A5A5A" alpha="100" stop="0" /><color rgb="0x4A4A4A" alpha="100" stop="255" /></colors></fill></color><color name="button_bg"><fill type="linear" rotation="90"><colors><color rgb="0x4B4B4B" alpha="100" stop="0" /><color rgb="0x3C3C3C" alpha="100" stop="255" /></colors></fill></color><color name="border"><fill type="linear" rotation="90"><colors><color rgb="0x494949" alpha="100" stop="0" /><color rgb="0x494949" alpha="100" stop="255" /></colors></fill></color><color name="bg"><fill type="linear" rotation="0"><colors><color rgb="0x313131" alpha="100" stop="0" /><color rgb="0x363636" alpha="100" stop="128" /></colors></fill></color></group_colors></color_group><color_group name="menu"><group_colors><color name="shadow"><fill type="linear" rotation="90"><colors><color rgb="0x0E0E0E" alpha="100" stop="0" /></colors></fill></color><color name="bg"><fill type="linear" rotation="90"><colors><color rgb="0x242424" alpha="100" stop="0" /></colors></fill></color></group_colors></color_group><color_group name="logo"><group_colors><color name="shadow"><fill type="linear" rotation="90"><colors><color rgb="0x000000" alpha="100" stop="0" /></colors></fill></color><color name="bg"><fill type="linear" rotation="90"><colors><color rgb="0xFFFFFF" alpha="100" stop="0" /></colors></fill></color></group_colors></color_group><color_group name="checkbox"><group_colors><color name="hover"><fill type="linear" rotation="90"><colors><color rgb="0x9C9C9C" alpha="100" stop="0" /></colors></fill></color><color name="text"><fill type="linear" rotation="90"><colors><color rgb="0xFFFFFF" alpha="100" stop="0" /></colors></fill></color><color name="check"><fill type="linear" rotation="90"><colors><color rgb="0x2BC400" alpha="100" stop="0" /></colors></fill></color><color name="bg"><fill type="linear" rotation="90"><colors><color rgb="0xFFFFFF" alpha="100" stop="0" /></colors></fill></color><color name="border"><fill type="linear" rotation="90"><colors><color rgb="0x161616" alpha="100" stop="0" /></colors></fill></color></group_colors></color_group><color_group name="button"><group_colors><color name="btn_icon_color"><fill type="linear" rotation="90"><colors><color rgb="0xFFFFFF" alpha="100" stop="0" /></colors></fill></color><color name="btn_text_shadow"><fill type="linear" rotation="90"><colors><color rgb="0x000000" alpha="100" stop="0" /></colors></fill></color><color name="btn_text"><fill type="linear" rotation="90"><colors><color rgb="0xFFFFFF" alpha="100" stop="0" /></colors></fill></color><color name="btn_border"><fill type="linear" rotation="90"><colors><color rgb="0x030303" alpha="100" stop="0" /></colors></fill></color><color name="btn_hover"><fill type="linear" rotation="90"><colors><color rgb="0x3A3A3A" alpha="100" stop="0" /><color rgb="0x0C0C0C" alpha="100" stop="255" /></colors></fill></color><color name="btn_down"><fill type="linear" rotation="90"><colors><color rgb="0x141414" alpha="100" stop="0" /><color rgb="0x323232" alpha="100" stop="255" /></colors></fill></color><color name="btn_bg"><fill type="linear" rotation="90"><colors><color rgb="0x376092" alpha="100" stop="0" /><color rgb="0x141414" alpha="100" stop="255" /></colors></fill></color><color name="btn_glow"><fill type="linear" rotation="90"><colors><color rgb="0x252525" alpha="100" stop="0" /></colors></fill></color></group_colors></color_group><color_group name="base"><group_colors><color name="text"><fill type="linear" rotation="90"><colors><color rgb="0xFFFFFF" alpha="100" stop="0" /></colors></fill></color><color name="diva"><fill type="linear" rotation="90"><colors><color rgb="0x0E0E0E" alpha="100" stop="0" /></colors></fill></color><color name="divb"><fill type="linear" rotation="90"><colors><color rgb="0x313131" alpha="100" stop="0" /></colors></fill></color><color name="menu_shade"><fill type="linear" rotation="90"><colors><color rgb="0x1B1B1B" alpha="100" stop="0" /><color rgb="0x0A0A0A" alpha="100" stop="255" /></colors></fill></color><color name="border"><fill type="linear" rotation="90"><colors><color rgb="0x292929" alpha="100" stop="0" /><color rgb="0x292929" alpha="100" stop="255" /></colors></fill></color><color name="bg"><fill type="linear" rotation="90"><colors><color rgb="0x262626" alpha="100" stop="0" /><color rgb="0x0B0B0B" alpha="100" stop="255" /></colors></fill></color><color name="slide_bg"><fill type="linear" rotation="90"><colors><color rgb="0x1D1D1D" alpha="100" stop="0" /><color rgb="0x0B0B0B" alpha="100" stop="255" /></colors></fill></color></group_colors></color_group><color_group name="volume"><group_colors><color name="thumb_border"><fill type="linear" rotation="90"><colors><color rgb="0x1C1C1C" alpha="100" stop="0" /></colors></fill></color><color name="thumb_inner"><fill type="linear" rotation="90"><colors><color rgb="0x5A5A5A" alpha="100" stop="0" /></colors></fill></color><color name="thumb_bg"><fill type="linear" rotation="90"><colors><color rgb="0x4C4C4C" alpha="100" stop="0" /></colors></fill></color><color name="slider_border"><fill type="linear" rotation="90"><colors><color rgb="0x494949" alpha="100" stop="0" /></colors></fill></color><color name="slider_bg"><fill type="linear" rotation="90"><colors><color rgb="0x313131" alpha="100" stop="0" /></colors></fill></color></group_colors></color_group><color_group name="HTML"><group_colors><color name="htmlpage_bg_color"><fill type="linear" rotation="90"><colors><color rgb="0xFFFFFF" alpha="100" stop="0" /></colors></fill></color></group_colors></color_group></colorscheme></colorschemes><string_tables><string_table name="npxnsnfns1110001101"><string id="prev">BACK</string><string id="next">NEXT</string><string id="submit">SUBMIT</string><string id="outline">Menu</string><string id="resources">Resouces</string><string id="glossary">Glossary</string><string id="transcript">Narration</string><string id="clear">Clear and return to Menu</string><string id="search_results">Search Results</string><string id="filter">Filter</string><string id="slide_text_chk">Slide Text</string><string id="transcript_chk">Notes</string><string id="search_in">Search in:</string><string id="check_include">Check to include</string><string id="search">Search...</string><string id="terms">Terms</string><string id="definition">Definition</string><string id="finish">FINISH</string><string id="acc_finish">finish</string><string id="acc_definition">definition</string><string id="acc_resources">narration</string><string id="acc_search_input">search</string><string id="acc_pause">pause</string><string id="acc_play">play</string><string id="acc_replay">replay</string><string id="acc_submit">submit</string><string id="acc_next">next</string><string id="acc_previous">previous</string><string id="acc_volume">volume</string><string id="acc_skipnavigation">Skip Navigation. Hit enter to return to the slide.</string><string id="submitall">SUBMIT ALL</string><string id="acc_submitall">submit all</string><string id="question_list">Question List</string><string id="more_info">More info</string><string id="send_an_email">Send an email</string><string id="close">Close</string><string id="bio">Bio</string><string id="exit">Exit</string></string_table></string_tables><sounds enabled="false" /><nav_data><outline><links><slidelink slideid="_player.6C5ciXVQYy2" displaytext="Untitled Scene" expand="true" type="slide"><links><slidelink slideid="_player.6C5ciXVQYy2.6GbteesXCB0" displaytext=" " expand="true" type="slide" /><slidelink slideid="_player.6C5ciXVQYy2.5W9s6n7Yf2T" displaytext=" " expand="true" type="slide" /><slidelink slideid="_player.6C5ciXVQYy2.6N4PxgVNJa9" displaytext=" " expand="true" type="slide" /><slidelink slideid="_player.6C5ciXVQYy2.69oa0nHYNiJ" displaytext=" " expand="true" type="slide" /><slidelink slideid="_player.6C5ciXVQYy2.62h9ZWJjgJG" displaytext=" " expand="true" type="slide" /><slidelink slideid="_player.6C5ciXVQYy2.5bb4VmhDSCI" displaytext=" " expand="true" type="slide" /><slidelink slideid="_player.6C5ciXVQYy2.6XIEsiY8FCK" displaytext=" " expand="true" type="slide" /><slidelink slideid="_player.6C5ciXVQYy2.6fWLKDY3sAJ" displaytext=" " expand="true" type="slide" /><slidelink slideid="_player.6C5ciXVQYy2.6CCPBsV02KD" displaytext=" " expand="true" type="slide" /><slidelink slideid="_player.6C5ciXVQYy2.5gP4FZ8wS6M" displaytext=" " expand="true" type="slide" /><slidelink slideid="_player.6C5ciXVQYy2.6qn93ZaQFEq" displaytext="The _______ mode fiber cable is used to transmit data over long distance" expand="true" type="slide" /><slidelink slideid="_player.6C5ciXVQYy2.62okHPXOKQQ" displaytext="You have completed this activity: " expand="true" type="slide" /></links></slidelink></links></outline></nav_data><resource_data description="" /><transcript_data><slidetranscripts><slidetranscript slideid="6C5ciXVQYy2.6GbteesXCB0" slidebank="false" type="slide" noteswf="story_content/notes/Note6C5ciXVQYy2.6GbteesXCB0.swf">&lt;html&gt;&lt;p align='left'&gt;&lt;textformat leading='0' tabstops='[0, 48, 96, 144, 192, 240]' blockindent='0' indent='0'&gt;&lt;font face='Verdana' size='13.5pt' color='#ffffff'&gt;Welcome to Fiber Optic Cables&lt;/font&gt;&lt;/textformat&gt;&lt;/p&gt;&lt;/html&gt;</slidetranscript><slidetranscript slideid="6C5ciXVQYy2.5W9s6n7Yf2T" slidebank="false" type="slide" noteswf="story_content/notes/Note6C5ciXVQYy2.5W9s6n7Yf2T.swf">&lt;html&gt;&lt;p align='left'&gt;&lt;textformat leading='0' tabstops='[0, 48, 96, 144, 192, 240]' blockindent='0' indent='0'&gt;&lt;font face='Verdana' size='13.5pt' color='#ffffff'&gt;Fiber optic cables are used to transmit data from one location to another.&lt;/font&gt;&lt;/textformat&gt;&lt;/p&gt;&lt;p align='left'&gt;&lt;textformat leading='0' tabstops='[0, 48, 96, 144, 192, 240]' blockindent='0' indent='0'&gt;&lt;/textformat&gt;&lt;/p&gt;&lt;p align='left'&gt;&lt;textformat leading='0' tabstops='[0, 48, 96, 144, 192, 240]' blockindent='0' indent='0'&gt;&lt;font face='Verdana' size='13.5pt' color='#ffffff'&gt;Unlike other types of cables, which transmit data in the form of electrical signals over a cable wire, fiber optic cables send data in the form of light-wave signals through glass or plastic strands. These strands are also called &lt;/font&gt;&lt;font face='Verdana' size='13.5pt' color='#ffffff'&gt;&lt;i&gt;fibers&lt;/i&gt;&lt;/font&gt;&lt;font face='Verdana' size='13.5pt' color='#ffffff'&gt;. &lt;/font&gt;&lt;/textformat&gt;&lt;/p&gt;&lt;p align='left'&gt;&lt;textformat leading='0' tabstops='[0, 48, 96, 144, 192, 240]' blockindent='0' indent='0'&gt;&lt;/textformat&gt;&lt;/p&gt;&lt;p align='left'&gt;&lt;textformat leading='0' tabstops='[0, 48, 96, 144, 192, 240]' blockindent='0' indent='0'&gt;&lt;font face='Verdana' size='13.5pt' color='#ffffff'&gt;A &lt;/font&gt;&lt;font face='Verdana' size='13.5pt' color='#ffffff'&gt;&lt;i&gt;fiber optic cable&lt;/i&gt;&lt;/font&gt;&lt;font face='Verdana' size='13.5pt' color='#ffffff'&gt; is a bundle of glass or plastic strand. Each strand is capable of transmitting messages using modulated light waves.&lt;/font&gt;&lt;/textformat&gt;&lt;/p&gt;&lt;p align='left'&gt;&lt;textformat leading='0' tabstops='[0, 48, 96, 144, 192, 240]' blockindent='0' indent='0'&gt;&lt;/textformat&gt;&lt;/p&gt;&lt;p align='left'&gt;&lt;textformat leading='0' tabstops='[0, 48, 96, 144, 192, 240]' blockindent='0' indent='0'&gt;&lt;/textformat&gt;&lt;/p&gt;&lt;/html&gt;</slidetranscript><slidetranscript slideid="6C5ciXVQYy2.6N4PxgVNJa9" slidebank="false" type="slide" noteswf="story_content/notes/Note6C5ciXVQYy2.6N4PxgVNJa9.swf">&lt;html&gt;&lt;p align='left'&gt;&lt;textformat leading='0' tabstops='[0, 48, 96, 144, 192, 240]' blockindent='0' indent='0'&gt;&lt;font face='Verdana' size='13.5pt' color='#ffffff'&gt;There are many advantages of using fiber-optic cables over other types of cables. For starters, glass and plastic are both immune to noise interference from stray electromagnetic waves. &lt;/font&gt;&lt;/textformat&gt;&lt;/p&gt;&lt;p align='left'&gt;&lt;textformat leading='0' tabstops='[0, 48, 96, 144, 192, 240]' blockindent='0' indent='0'&gt;&lt;/textformat&gt;&lt;/p&gt;&lt;p align='left'&gt;&lt;textformat leading='0' tabstops='[0, 48, 96, 144, 192, 240]' blockindent='0' indent='0'&gt;&lt;font face='Verdana' size='13.5pt' color='#ffffff'&gt;Fiber optic data cables can also transmit data signals farther than copper cables. A fiber optic cable with a germanium-doped silica core can support transmissions up to 10km, whereas copper can only transmit data a few hundred meters. &lt;/font&gt;&lt;/textformat&gt;&lt;/p&gt;&lt;p align='left'&gt;&lt;textformat leading='0' tabstops='[0, 48, 96, 144, 192, 240]' blockindent='0' indent='0'&gt;&lt;/textformat&gt;&lt;/p&gt;&lt;p align='left'&gt;&lt;textformat leading='0' tabstops='[0, 48, 96, 144, 192, 240]' blockindent='0' indent='0'&gt;&lt;font face='Verdana' size='13.5pt' color='#ffffff'&gt;Finally, they can carry a greater amount of data, are thinner and lighter than metal wires, and can transmit data digitally instead of in analog format. &lt;/font&gt;&lt;/textformat&gt;&lt;/p&gt;&lt;p align='left'&gt;&lt;textformat leading='0' tabstops='[0, 48, 96, 144, 192, 240]' blockindent='0' indent='0'&gt;&lt;/textformat&gt;&lt;/p&gt;&lt;p align='left'&gt;&lt;textformat leading='0' tabstops='[0, 48, 96, 144, 192, 240]' blockindent='0' indent='0'&gt;&lt;font face='Verdana' size='13.5pt' color='#ffffff'&gt;Fiber optic cables are more  expensive to install when compared to copper. They’re also more fragile than wire and difficult to splice. &lt;/font&gt;&lt;/textformat&gt;&lt;/p&gt;&lt;/html&gt;</slidetranscript><slidetranscript slideid="6C5ciXVQYy2.69oa0nHYNiJ" slidebank="false" type="slide" noteswf="story_content/notes/Note6C5ciXVQYy2.69oa0nHYNiJ.swf">&lt;html&gt;&lt;p align='left'&gt;&lt;textformat leading='0' tabstops='[0, 48, 96, 144, 192, 240]' blockindent='0' indent='0'&gt;&lt;font face='Verdana' size='13.5pt' color='#ffffff'&gt;A fiber optic cable has three components:&lt;/font&gt;&lt;/textformat&gt;&lt;/p&gt;&lt;p align='left'&gt;&lt;textformat leading='0' tabstops='[0, 48, 96, 144, 192, 240]' blockindent='48' indent='-24'&gt;&lt;font face='Verdana' size='13.5pt' color='#ffffff'&gt;1.	The fiber core. This carries the light signals.&lt;/font&gt;&lt;/textformat&gt;&lt;/p&gt;&lt;p align='left'&gt;&lt;textformat leading='0' tabstops='[0, 48, 96, 144, 192, 240]' blockindent='48' indent='-24'&gt;&lt;font face='Verdana' size='13.5pt' color='#ffffff'&gt;2.	The cladding that surrounds the core. Like the core, the cladding also consists of glass or plastic materials, but it has a different density.&lt;/font&gt;&lt;/textformat&gt;&lt;/p&gt;&lt;p align='left'&gt;&lt;textformat leading='0' tabstops='[0, 48, 96, 144, 192, 240]' blockindent='48' indent='-24'&gt;&lt;font face='Verdana' size='13.5pt' color='#ffffff'&gt;3.	The insulating jacket. This is a sheath that doesn’t reflect light.&lt;/font&gt;&lt;/textformat&gt;&lt;/p&gt;&lt;p align='left'&gt;&lt;textformat leading='0' tabstops='[0, 48, 96, 144, 192, 240]' blockindent='0' indent='0'&gt;&lt;/textformat&gt;&lt;/p&gt;&lt;p align='left'&gt;&lt;textformat leading='0' tabstops='[0, 48, 96, 144, 192, 240]' blockindent='0' indent='0'&gt;&lt;font face='Verdana' size='13.5pt' color='#ffffff'&gt;Fiber optic cables are manufactured using different diameters of fibers and cladding. A standardized two-number designator is used to indicate the dimensions. &lt;/font&gt;&lt;/textformat&gt;&lt;/p&gt;&lt;p align='left'&gt;&lt;textformat leading='0' tabstops='[0, 48, 96, 144, 192, 240]' blockindent='0' indent='0'&gt;&lt;/textformat&gt;&lt;/p&gt;&lt;p align='left'&gt;&lt;textformat leading='0' tabstops='[0, 48, 96, 144, 192, 240]' blockindent='0' indent='0'&gt;&lt;font face='Verdana' size='13.5pt' color='#ffffff'&gt;The most common fiber optic cable size is 62.5/125µm (micrometers). &lt;/font&gt;&lt;/textformat&gt;&lt;/p&gt;&lt;/html&gt;</slidetranscript><slidetranscript slideid="6C5ciXVQYy2.62h9ZWJjgJG" slidebank="false" type="slide" noteswf="story_content/notes/Note6C5ciXVQYy2.62h9ZWJjgJG.swf">&lt;html&gt;&lt;p align='left'&gt;&lt;textformat leading='0' tabstops='[0, 48, 96, 144, 192, 240]' blockindent='0' indent='0'&gt;&lt;font face='Verdana' size='13.5pt' color='#ffffff'&gt;Multi-mode fiber optics&lt;/font&gt;&lt;/textformat&gt;&lt;/p&gt;&lt;p align='left'&gt;&lt;textformat leading='0' tabstops='[0, 48, 96, 144, 192, 240]' blockindent='0' indent='0'&gt;&lt;/textformat&gt;&lt;/p&gt;&lt;p align='left'&gt;&lt;textformat leading='0' tabstops='[0, 48, 96, 144, 192, 240]' blockindent='0' indent='0'&gt;&lt;font face='Verdana' size='13.5pt' color='#ffffff'&gt;The LED light source used with a multi-mode fiber produces a range of wavelengths that enters the cable at different angles. &lt;/font&gt;&lt;/textformat&gt;&lt;/p&gt;&lt;p align='left'&gt;&lt;textformat leading='0' tabstops='[0, 48, 96, 144, 192, 240]' blockindent='0' indent='0'&gt;&lt;/textformat&gt;&lt;/p&gt;&lt;p align='left'&gt;&lt;textformat leading='0' tabstops='[0, 48, 96, 144, 192, 240]' blockindent='0' indent='0'&gt;&lt;font face='Verdana' size='13.5pt' color='#ffffff'&gt;As the light is emitted from an LED, it enters the fiber at many different angles. The angle at which the light enters a specific point is called the &lt;/font&gt;&lt;font face='Verdana' size='13.5pt' color='#ffffff'&gt;&lt;i&gt;incident angle&lt;/i&gt;&lt;/font&gt;&lt;font face='Verdana' size='13.5pt' color='#ffffff'&gt;.&lt;/font&gt;&lt;/textformat&gt;&lt;/p&gt;&lt;p align='left'&gt;&lt;textformat leading='0' tabstops='[0, 48, 96, 144, 192, 240]' blockindent='0' indent='0'&gt;&lt;/textformat&gt;&lt;/p&gt;&lt;p align='left'&gt;&lt;textformat leading='0' tabstops='[0, 48, 96, 144, 192, 240]' blockindent='0' indent='0'&gt;&lt;font face='Verdana' size='13.5pt' color='#ffffff'&gt;In this illustration, the light wave identified as L1 enters the fiber at a small incident angle. It travels through the core and cladding before it’s absorbed by the sheath. It’s absorbed because the sheath is opaque. &lt;/font&gt;&lt;/textformat&gt;&lt;/p&gt;&lt;p align='left'&gt;&lt;textformat leading='0' tabstops='[0, 48, 96, 144, 192, 240]' blockindent='0' indent='0'&gt;&lt;/textformat&gt;&lt;/p&gt;&lt;p align='left'&gt;&lt;textformat leading='0' tabstops='[0, 48, 96, 144, 192, 240]' blockindent='0' indent='0'&gt;&lt;font face='Verdana' size='13.5pt' color='#ffffff'&gt;When the incidence angle is too great, light passes through the core and enters the cladding. Notice how the light bends due to the refracting caused by the density differences between the core and cladding’s fiber material.     &lt;/font&gt;&lt;/textformat&gt;&lt;/p&gt;&lt;p align='left'&gt;&lt;textformat leading='0' tabstops='[0, 48, 96, 144, 192, 240]' blockindent='0' indent='0'&gt;&lt;/textformat&gt;&lt;/p&gt;&lt;p align='left'&gt;&lt;textformat leading='0' tabstops='[0, 48, 96, 144, 192, 240]' blockindent='0' indent='0'&gt;&lt;font face='Verdana' size='13.5pt' color='#ffffff'&gt;If the light wave enters the core at a certain angle, it travels down the fiber because the light reflects each time it strikes the junction of the core and the cladding. The angle at which the reflection occurs is called the &lt;/font&gt;&lt;font face='Verdana' size='13.5pt' color='#ffffff'&gt;&lt;i&gt;critical angle&lt;/i&gt;&lt;/font&gt;&lt;font face='Verdana' size='13.5pt' color='#ffffff'&gt;. &lt;/font&gt;&lt;/textformat&gt;&lt;/p&gt;&lt;p align='left'&gt;&lt;textformat leading='0' tabstops='[0, 48, 96, 144, 192, 240]' blockindent='0' indent='0'&gt;&lt;/textformat&gt;&lt;/p&gt;&lt;p align='left'&gt;&lt;textformat leading='0' tabstops='[0, 48, 96, 144, 192, 240]' blockindent='0' indent='0'&gt;&lt;font face='Verdana' size='13.5pt' color='#ffffff'&gt;The critical angle falls within a certain number of degrees. The light waves within this range are transmitted down the entire length of the core. &lt;/font&gt;&lt;/textformat&gt;&lt;/p&gt;&lt;p align='left'&gt;&lt;textformat leading='0' tabstops='[0, 48, 96, 144, 192, 240]' blockindent='0' indent='0'&gt; &lt;/textformat&gt;&lt;/p&gt;&lt;p align='left'&gt;&lt;textformat leading='0' tabstops='[0, 48, 96, 144, 192, 240]' blockindent='0' indent='0'&gt;&lt;font face='Verdana' size='13.5pt' color='#ffffff'&gt;A ray entering at less of an angle zigzags through the fiber core more times than a ray entering at a greater angle of incidence.&lt;/font&gt;&lt;/textformat&gt;&lt;/p&gt;&lt;p align='left'&gt;&lt;textformat leading='0' tabstops='[0, 48, 96, 144, 192, 240]' blockindent='0' indent='0'&gt;&lt;/textformat&gt;&lt;/p&gt;&lt;p align='left'&gt;&lt;textformat leading='0' tabstops='[0, 48, 96, 144, 192, 240]' blockindent='0' indent='0'&gt;&lt;font face='Verdana' size='13.5pt' color='#ffffff'&gt;The more often a wave zigzags, the longer it takes for it to reach the end of the cable. &lt;/font&gt;&lt;/textformat&gt;&lt;/p&gt;&lt;p align='left'&gt;&lt;textformat leading='0' tabstops='[0, 48, 96, 144, 192, 240]' blockindent='0' indent='0'&gt; &lt;/textformat&gt;&lt;/p&gt;&lt;p align='left'&gt;&lt;textformat leading='0' tabstops='[0, 48, 96, 144, 192, 240]' blockindent='0' indent='0'&gt;&lt;font face='Verdana' size='13.5pt' color='#ffffff'&gt;Light waves entering the fiber at the same time but taking different paths and times to reach the end result in what is termed modal dispersion. Reflection is minimized by restricting the diameter of the fiber and by making the cladding at least three times as thick as the core.  This helps to reduce modal dispersion.&lt;/font&gt;&lt;/textformat&gt;&lt;/p&gt;&lt;p align='left'&gt;&lt;textformat leading='0' tabstops='[0, 48, 96, 144, 192, 240]' blockindent='0' indent='0'&gt;&lt;/textformat&gt;&lt;/p&gt;&lt;p align='left'&gt;&lt;textformat leading='0' tabstops='[0, 48, 96, 144, 192, 240]' blockindent='0' indent='0'&gt;&lt;font face='Verdana' size='13.5pt' color='#ffffff'&gt;Multi-mode fiber cables are commonly used for applications where extremely long distance transmission isn’t required.   &lt;/font&gt;&lt;/textformat&gt;&lt;/p&gt;&lt;/html&gt;</slidetranscript><slidetranscript slideid="6C5ciXVQYy2.5bb4VmhDSCI" slidebank="false" type="slide" noteswf="story_content/notes/Note6C5ciXVQYy2.5bb4VmhDSCI.swf">&lt;html&gt;&lt;p align='left'&gt;&lt;textformat leading='0' tabstops='[0, 48, 96, 144, 192, 240]' blockindent='0' indent='0'&gt;&lt;font face='Verdana' size='13.5pt' color='#ffffff'&gt;The light that a laser emits travels in one direction. For this reason, the light passes through the core of a fiber optic cable axially at only the wavelength that’s compatible with the light detector on the receiving end.&lt;/font&gt;&lt;/textformat&gt;&lt;/p&gt;&lt;p align='left'&gt;&lt;textformat leading='0' tabstops='[0, 48, 96, 144, 192, 240]' blockindent='0' indent='0'&gt;&lt;/textformat&gt;&lt;/p&gt;&lt;p align='left'&gt;&lt;textformat leading='0' tabstops='[0, 48, 96, 144, 192, 240]' blockindent='0' indent='0'&gt;&lt;font face='Verdana' size='13.5pt' color='#ffffff'&gt;The laser, which is a semiconductor device, is expensive and difficult to work with because of its small size and precise alignment requirements.&lt;/font&gt;&lt;/textformat&gt;&lt;/p&gt;&lt;p align='left'&gt;&lt;textformat leading='0' tabstops='[0, 48, 96, 144, 192, 240]' blockindent='0' indent='0'&gt;&lt;/textformat&gt;&lt;/p&gt;&lt;p align='left'&gt;&lt;textformat leading='0' tabstops='[0, 48, 96, 144, 192, 240]' blockindent='0' indent='0'&gt;&lt;font face='Verdana' size='13.5pt' color='#ffffff'&gt;Single-mode fiber cable is used in applications where high data speed and long distance runs are required.&lt;/font&gt;&lt;/textformat&gt;&lt;/p&gt;&lt;/html&gt;</slidetranscript><slidetranscript slideid="6C5ciXVQYy2.6XIEsiY8FCK" slidebank="false" type="slide" noteswf="story_content/notes/Note6C5ciXVQYy2.6XIEsiY8FCK.swf">&lt;html&gt;&lt;p align='left'&gt;&lt;textformat leading='0' tabstops='[0, 48, 96, 144, 192, 240]' blockindent='0' indent='0'&gt;&lt;font face='Verdana' size='13.5pt' color='#ffffff'&gt;One reason fiber optic cables are more expensive than copper cables is the higher installation costs of fiber optic cables, which take more time to terminate.&lt;/font&gt;&lt;/textformat&gt;&lt;/p&gt;&lt;p align='left'&gt;&lt;textformat leading='0' tabstops='[0, 48, 96, 144, 192, 240]' blockindent='0' indent='0'&gt;&lt;/textformat&gt;&lt;/p&gt;&lt;p align='left'&gt;&lt;textformat leading='0' tabstops='[0, 48, 96, 144, 192, 240]' blockindent='0' indent='0'&gt;&lt;font face='Verdana' size='13.5pt' color='#ffffff'&gt;To expose the fiber optic cable core, a special tool is required to strip off some of the fiber optic sheath. A special cutting tool is used to make a clean cut of the core. A cutting fixture and polishing helps to make the end of the cut core smooth. &lt;/font&gt;&lt;/textformat&gt;&lt;/p&gt;&lt;p align='left'&gt;&lt;textformat leading='0' tabstops='[0, 48, 96, 144, 192, 240]' blockindent='0' indent='0'&gt;&lt;/textformat&gt;&lt;/p&gt;&lt;p align='left'&gt;&lt;textformat leading='0' tabstops='[0, 48, 96, 144, 192, 240]' blockindent='0' indent='0'&gt;&lt;font face='Verdana' size='13.5pt' color='#ffffff'&gt;Connectors have been designed to ensure a secure connection with proper alignment. A straight tip (ST) connector is rarely used for single-core fiber cables, and a subscriber or standard connector (SC) is commonly used for double cables. &lt;/font&gt;&lt;/textformat&gt;&lt;/p&gt;&lt;/html&gt;</slidetranscript><slidetranscript slideid="6C5ciXVQYy2.6fWLKDY3sAJ" slidebank="false" type="slide" noteswf="story_content/notes/Note6C5ciXVQYy2.6fWLKDY3sAJ.swf">&lt;html&gt;&lt;p align='left'&gt;&lt;textformat leading='0' tabstops='[0, 48, 96, 144, 192, 240]' blockindent='0' indent='0'&gt;&lt;font face='Verdana' size='12.5pt' color='#ffffff'&gt;Nowadays, in Datacom and telecom applications, small form factor connectors and multi-fiber connectors are replacing the traditional connectors mainly to pack more connectors on the overcrowded faceplate, which reduces the system’s footprint. &lt;/font&gt;&lt;/textformat&gt;&lt;/p&gt;&lt;/html&gt;</slidetranscript><slidetranscript slideid="6C5ciXVQYy2.6CCPBsV02KD" slidebank="false" type="slide" noteswf="story_content/notes/Note6C5ciXVQYy2.6CCPBsV02KD.swf">&lt;html&gt;&lt;p align='left'&gt;&lt;textformat leading='0' tabstops='[0, 48, 96, 144, 192, 240]' blockindent='0' indent='0'&gt;&lt;font face='Verdana' size='13.5pt' color='#ffffff'&gt;Now it’s time to check your knowledge by answering 3 questions.&lt;/font&gt;&lt;/textformat&gt;&lt;/p&gt;&lt;p align='left'&gt;&lt;textformat leading='0' tabstops='[0, 48, 96, 144, 192, 240]' blockindent='0' indent='0'&gt;&lt;/textformat&gt;&lt;/p&gt;&lt;p align='left'&gt;&lt;textformat leading='0' tabstops='[0, 48, 96, 144, 192, 240]' blockindent='0' indent='0'&gt;&lt;font face='Verdana' size='13.5pt' color='#ffffff'&gt;Fiber Optic Cables _______ susceptible to unwanted noise created by electromagnetic waves&lt;/font&gt;&lt;/textformat&gt;&lt;/p&gt;&lt;/html&gt;</slidetranscript><slidetranscript slideid="6C5ciXVQYy2.5gP4FZ8wS6M" slidebank="false" type="slide" noteswf="story_content/notes/Note6C5ciXVQYy2.5gP4FZ8wS6M.swf">&lt;html&gt;&lt;p align='left'&gt;&lt;textformat leading='0' tabstops='[0, 48, 96, 144, 192, 240]' blockindent='0' indent='0'&gt;&lt;font face='Verdana' size='13.5pt' color='#ffffff'&gt;The_______ emits waves of light that enter the fiber optic core from many angles&lt;/font&gt;&lt;/textformat&gt;&lt;/p&gt;&lt;/html&gt;</slidetranscript><slidetranscript slideid="6C5ciXVQYy2.6qn93ZaQFEq" slidebank="false" type="slide" noteswf="story_content/notes/Note6C5ciXVQYy2.6qn93ZaQFEq.swf">&lt;html&gt;&lt;p align='left'&gt;&lt;textformat leading='0' tabstops='[0, 48, 96, 144, 192, 240]' blockindent='0' indent='0'&gt;&lt;font face='Verdana' size='13.5pt' color='#ffffff'&gt;The _______ mode fiber cable is used to transmit data over long distance&lt;/font&gt;&lt;/textformat&gt;&lt;/p&gt;&lt;/html&gt;</slidetranscript><slidetranscript slideid="6C5ciXVQYy2.62okHPXOKQQ" slidebank="false" type="slide" noteswf="story_content/notes/Note6C5ciXVQYy2.62okHPXOKQQ.swf">&lt;html&gt;&lt;p align='left'&gt;&lt;textformat leading='0' tabstops='[0, 48, 96, 144, 192, 240]' blockindent='48' indent='0'&gt;&lt;font face='Verdana' size='13.5pt' color='#ffffff'&gt;You have completed this activity: &lt;/font&gt;&lt;font face='Verdana' size='13.5pt' color='#ffffff'&gt;&lt;i&gt;Fiber-Optic Cables&lt;/i&gt;&lt;/font&gt;&lt;/textformat&gt;&lt;/p&gt;&lt;/html&gt;</slidetranscript></slidetranscripts></transcript_data><glossary_data /></bwFrame>